{"loss/train": 9.338505269527435, "_timestamp": 1718538147.9561272, "loss/eval": 7.459116355065377, "_runtime": 1140.4983081817627, "_step": 99, "loss/test": 5.7398105109179465, "_wandb": {"runtime": 1139}}