{"loss/train": 0.8939282840490341, "_timestamp": 1718538484.2368968, "loss/eval": 0.9677391523315061, "_runtime": 1167.1273167133331, "_step": 99, "loss/test": 1.0194442183883101, "_wandb": {"runtime": 1166}}