{"loss graphormer/train": 150968.43574058532, "_timestamp": 1718630151.482376, "_runtime": 19.30115818977356, "_step": 0, "_wandb": {"runtime": 40}}