{"loss graphormer/train": 70.445592160852, "_timestamp": 1718632924.9551506, "_runtime": 5.0418665409088135, "_step": 199, "loss molclr/train": 75.09185917663574, "_wandb": {"runtime": 39}}