{"loss/train": 19.129237941741945, "_timestamp": 1718538559.8291252, "loss/eval": 20.143566546901578, "_runtime": 1128.2240152359009, "_step": 99, "loss/test": 20.127490997314453, "_wandb": {"runtime": 1127}}