{"loss/train": 0.9424325144290924, "_timestamp": 1718537237.930007, "loss/eval": 1.0158244198368442, "_runtime": 86.86477088928223, "_step": 6}