{"loss/training": 75.09185917663574, "_timestamp": 1718627826.9750216, "loss/eval": 87.21319453947005, "_runtime": 1076.9337346553802, "_step": 99, "loss/test": 89.76714734677915, "_wandb": {"runtime": 1076}}