{"_wandb": {"runtime": 79}, "loss/train": 106.33197396087647, "_timestamp": 1718531535.9909813, "_runtime": 83.04667139053345, "_step": 0}