{"loss/train": 94.61749239349365, "_timestamp": 1718533086.8044322, "loss/eval": 102.41644342484012, "_runtime": 1135.4947850704193, "_step": 99, "loss/test": 99.52061456249606, "_wandb": {"runtime": 1159}}