{"_wandb": {"runtime": 19}, "loss/train": 179.9008437576294, "_timestamp": 1718531658.580225, "_runtime": 15.174776077270508, "_step": 0}