{"loss/train": NaN, "_timestamp": 1718535587.8813424, "loss/eval": NaN, "_runtime": 1094.1630034446716, "_step": 99, "loss/test": NaN, "_wandb": {"runtime": 1093}}